id_ep_referencia,titulo_referencia,fragmento_id_ref,id_ep_similar,titulo_similar,fragmento_id_sim,similaridade
ep111,El Mito de Taiwán (y el cambio de perspectiva),1,ep111,El Mito de Taiwán (y el cambio de perspectiva),15,0.7654790980855563
ep111,El Mito de Taiwán (y el cambio de perspectiva),1,ep111,El Mito de Taiwán (y el cambio de perspectiva),14,0.7372444291101765
ep111,El Mito de Taiwán (y el cambio de perspectiva),1,ep109,El amor es una distracción (Y quizás está bien),18,0.736019690978161
ep111,El Mito de Taiwán (y el cambio de perspectiva),2,ep111,El Mito de Taiwán (y el cambio de perspectiva),8,0.7910499498585475
ep111,El Mito de Taiwán (y el cambio de perspectiva),2,ep110,De soñar con la NASA a romper el libreto | Aleja Henao,45,0.7672010273521047
ep111,El Mito de Taiwán (y el cambio de perspectiva),2,ep110,De soñar con la NASA a romper el libreto | Aleja Henao,4,0.7616968815957696
ep111,El Mito de Taiwán (y el cambio de perspectiva),3,ep109,El amor es una distracción (Y quizás está bien),5,0.7426010091562787
ep111,El Mito de Taiwán (y el cambio de perspectiva),3,ep111,El Mito de Taiwán (y el cambio de perspectiva),7,0.7352615480428838
ep111,El Mito de Taiwán (y el cambio de perspectiva),3,ep112,Qué tal si...? El viaje de las posibilidades infinitas | Giovanni Stella,10,0.7352151408234335
ep111,El Mito de Taiwán (y el cambio de perspectiva),4,ep109,El amor es una distracción (Y quizás está bien),8,0.7822236174371004
ep111,El Mito de Taiwán (y el cambio de perspectiva),4,ep109,El amor es una distracción (Y quizás está bien),16,0.7651192372402624
ep111,El Mito de Taiwán (y el cambio de perspectiva),4,ep110,De soñar con la NASA a romper el libreto | Aleja Henao,4,0.7561733506869973
ep111,El Mito de Taiwán (y el cambio de perspectiva),5,ep109,El amor es una distracción (Y quizás está bien),10,0.7692225933711687
ep111,El Mito de Taiwán (y el cambio de perspectiva),5,ep112,Qué tal si...? El viaje de las posibilidades infinitas | Giovanni Stella,17,0.7540580045545088
ep111,El Mito de Taiwán (y el cambio de perspectiva),5,ep109,El amor es una distracción (Y quizás está bien),16,0.7526652602913317
ep111,El Mito de Taiwán (y el cambio de perspectiva),6,ep109,El amor es una distracción (Y quizás está bien),16,0.7309547971097452
ep111,El Mito de Taiwán (y el cambio de perspectiva),6,ep109,El amor es una distracción (Y quizás está bien),7,0.7303589278768002
ep111,El Mito de Taiwán (y el cambio de perspectiva),6,ep111,El Mito de Taiwán (y el cambio de perspectiva),1,0.7296522160751371
ep111,El Mito de Taiwán (y el cambio de perspectiva),7,ep110,De soñar con la NASA a romper el libreto | Aleja Henao,26,0.771289557894901
ep111,El Mito de Taiwán (y el cambio de perspectiva),7,ep110,De soñar con la NASA a romper el libreto | Aleja Henao,36,0.7542393490825685
ep111,El Mito de Taiwán (y el cambio de perspectiva),7,ep111,El Mito de Taiwán (y el cambio de perspectiva),8,0.7529468191893112
ep111,El Mito de Taiwán (y el cambio de perspectiva),8,ep109,El amor es una distracción (Y quizás está bien),8,0.8018863181503971
ep111,El Mito de Taiwán (y el cambio de perspectiva),8,ep110,De soñar con la NASA a romper el libreto | Aleja Henao,58,0.7948305575674798
ep111,El Mito de Taiwán (y el cambio de perspectiva),8,ep111,El Mito de Taiwán (y el cambio de perspectiva),2,0.7910499498585475
ep111,El Mito de Taiwán (y el cambio de perspectiva),9,ep109,El amor es una distracción (Y quizás está bien),8,0.7882308459260936
ep111,El Mito de Taiwán (y el cambio de perspectiva),9,ep109,El amor es una distracción (Y quizás está bien),16,0.7604697892538378
ep111,El Mito de Taiwán (y el cambio de perspectiva),9,ep110,De soñar con la NASA a romper el libreto | Aleja Henao,59,0.755515710663585
ep111,El Mito de Taiwán (y el cambio de perspectiva),10,ep109,El amor es una distracción (Y quizás está bien),18,0.8266871372499077
ep111,El Mito de Taiwán (y el cambio de perspectiva),10,ep110,De soñar con la NASA a romper el libreto | Aleja Henao,40,0.808158073783682
ep111,El Mito de Taiwán (y el cambio de perspectiva),10,ep111,El Mito de Taiwán (y el cambio de perspectiva),11,0.8076163890334801
ep111,El Mito de Taiwán (y el cambio de perspectiva),11,ep111,El Mito de Taiwán (y el cambio de perspectiva),15,0.8253105237623326
ep111,El Mito de Taiwán (y el cambio de perspectiva),11,ep111,El Mito de Taiwán (y el cambio de perspectiva),10,0.8076163890334801
ep111,El Mito de Taiwán (y el cambio de perspectiva),11,ep110,De soñar con la NASA a romper el libreto | Aleja Henao,35,0.7938913816364972
ep111,El Mito de Taiwán (y el cambio de perspectiva),12,ep109,El amor es una distracción (Y quizás está bien),16,0.7688951081271627
ep111,El Mito de Taiwán (y el cambio de perspectiva),12,ep111,El Mito de Taiwán (y el cambio de perspectiva),13,0.7674204083078138
ep111,El Mito de Taiwán (y el cambio de perspectiva),12,ep111,El Mito de Taiwán (y el cambio de perspectiva),15,0.7670076492809653
ep111,El Mito de Taiwán (y el cambio de perspectiva),13,ep111,El Mito de Taiwán (y el cambio de perspectiva),11,0.791335617156737
ep111,El Mito de Taiwán (y el cambio de perspectiva),13,ep111,El Mito de Taiwán (y el cambio de perspectiva),15,0.7736932785790809
ep111,El Mito de Taiwán (y el cambio de perspectiva),13,ep111,El Mito de Taiwán (y el cambio de perspectiva),12,0.7674204083078138
ep111,El Mito de Taiwán (y el cambio de perspectiva),14,ep111,El Mito de Taiwán (y el cambio de perspectiva),16,0.7637776356815891
ep111,El Mito de Taiwán (y el cambio de perspectiva),14,ep111,El Mito de Taiwán (y el cambio de perspectiva),13,0.7537655345871447
ep111,El Mito de Taiwán (y el cambio de perspectiva),14,ep111,El Mito de Taiwán (y el cambio de perspectiva),1,0.7372444291101765
ep111,El Mito de Taiwán (y el cambio de perspectiva),15,ep111,El Mito de Taiwán (y el cambio de perspectiva),11,0.8253105237623326
ep111,El Mito de Taiwán (y el cambio de perspectiva),15,ep110,De soñar con la NASA a romper el libreto | Aleja Henao,40,0.7990402772896089
ep111,El Mito de Taiwán (y el cambio de perspectiva),15,ep109,El amor es una distracción (Y quizás está bien),18,0.79306718875909
ep111,El Mito de Taiwán (y el cambio de perspectiva),16,ep112,Qué tal si...? El viaje de las posibilidades infinitas | Giovanni Stella,17,0.7729789035466793
ep111,El Mito de Taiwán (y el cambio de perspectiva),16,ep111,El Mito de Taiwán (y el cambio de perspectiva),14,0.7637776356815891
ep111,El Mito de Taiwán (y el cambio de perspectiva),16,ep112,Qué tal si...? El viaje de las posibilidades infinitas | Giovanni Stella,6,0.7536884179272014
ep111,El Mito de Taiwán (y el cambio de perspectiva),17,ep109,El amor es una distracción (Y quizás está bien),1,0.7688505242547264
ep111,El Mito de Taiwán (y el cambio de perspectiva),17,ep109,El amor es una distracción (Y quizás está bien),19,0.767446802638222
ep111,El Mito de Taiwán (y el cambio de perspectiva),17,ep110,De soñar con la NASA a romper el libreto | Aleja Henao,1,0.7492599496049226
ep111,El Mito de Taiwán (y el cambio de perspectiva),18,ep109,El amor es una distracción (Y quizás está bien),19,0.7046008637963077
ep111,El Mito de Taiwán (y el cambio de perspectiva),18,ep110,De soñar con la NASA a romper el libreto | Aleja Henao,65,0.6983787346265968
ep111,El Mito de Taiwán (y el cambio de perspectiva),18,ep111,El Mito de Taiwán (y el cambio de perspectiva),17,0.6920361394970049
ep112,Qué tal si...? El viaje de las posibilidades infinitas | Giovanni Stella,1,ep109,El amor es una distracción (Y quizás está bien),4,0.795815172408236
ep112,Qué tal si...? El viaje de las posibilidades infinitas | Giovanni Stella,1,ep112,Qué tal si...? El viaje de las posibilidades infinitas | Giovanni Stella,17,0.7780465972844061
ep112,Qué tal si...? El viaje de las posibilidades infinitas | Giovanni Stella,1,ep109,El amor es una distracción (Y quizás está bien),16,0.7740553363003623
ep112,Qué tal si...? El viaje de las posibilidades infinitas | Giovanni Stella,2,ep112,Qué tal si...? El viaje de las posibilidades infinitas | Giovanni Stella,3,0.7652793549742686
ep112,Qué tal si...? El viaje de las posibilidades infinitas | Giovanni Stella,2,ep110,De soñar con la NASA a romper el libreto | Aleja Henao,25,0.7268180789183386
ep112,Qué tal si...? El viaje de las posibilidades infinitas | Giovanni Stella,2,ep110,De soñar con la NASA a romper el libreto | Aleja Henao,49,0.7246242944092808
ep112,Qué tal si...? El viaje de las posibilidades infinitas | Giovanni Stella,3,ep110,De soñar con la NASA a romper el libreto | Aleja Henao,25,0.7959573143446743
ep112,Qué tal si...? El viaje de las posibilidades infinitas | Giovanni Stella,3,ep110,De soñar con la NASA a romper el libreto | Aleja Henao,27,0.785017483252422
ep112,Qué tal si...? El viaje de las posibilidades infinitas | Giovanni Stella,3,ep109,El amor es una distracción (Y quizás está bien),16,0.779705937006517
ep112,Qué tal si...? El viaje de las posibilidades infinitas | Giovanni Stella,4,ep110,De soñar con la NASA a romper el libreto | Aleja Henao,55,0.771201566592217
ep112,Qué tal si...? El viaje de las posibilidades infinitas | Giovanni Stella,4,ep109,El amor es una distracción (Y quizás está bien),10,0.7533759872597017
ep112,Qué tal si...? El viaje de las posibilidades infinitas | Giovanni Stella,4,ep109,El amor es una distracción (Y quizás está bien),17,0.7505511986197037
ep112,Qué tal si...? El viaje de las posibilidades infinitas | Giovanni Stella,5,ep110,De soñar con la NASA a romper el libreto | Aleja Henao,44,0.7579841004109672
ep112,Qué tal si...? El viaje de las posibilidades infinitas | Giovanni Stella,5,ep112,Qué tal si...? El viaje de las posibilidades infinitas | Giovanni Stella,17,0.727984665842163
ep112,Qué tal si...? El viaje de las posibilidades infinitas | Giovanni Stella,5,ep109,El amor es una distracción (Y quizás está bien),16,0.7123708386668598
ep112,Qué tal si...? El viaje de las posibilidades infinitas | Giovanni Stella,6,ep112,Qué tal si...? El viaje de las posibilidades infinitas | Giovanni Stella,17,0.7820852339944651
ep112,Qué tal si...? El viaje de las posibilidades infinitas | Giovanni Stella,6,ep110,De soñar con la NASA a romper el libreto | Aleja Henao,15,0.7746234246160576
ep112,Qué tal si...? El viaje de las posibilidades infinitas | Giovanni Stella,6,ep110,De soñar con la NASA a romper el libreto | Aleja Henao,25,0.7628397679416611
ep112,Qué tal si...? El viaje de las posibilidades infinitas | Giovanni Stella,7,ep109,El amor es una distracción (Y quizás está bien),15,0.7580783950012644
ep112,Qué tal si...? El viaje de las posibilidades infinitas | Giovanni Stella,7,ep112,Qué tal si...? El viaje de las posibilidades infinitas | Giovanni Stella,8,0.7524648695846573
ep112,Qué tal si...? El viaje de las posibilidades infinitas | Giovanni Stella,7,ep112,Qué tal si...? El viaje de las posibilidades infinitas | Giovanni Stella,11,0.7460884447777061
ep112,Qué tal si...? El viaje de las posibilidades infinitas | Giovanni Stella,8,ep112,Qué tal si...? El viaje de las posibilidades infinitas | Giovanni Stella,11,0.7560417306906013
ep112,Qué tal si...? El viaje de las posibilidades infinitas | Giovanni Stella,8,ep110,De soñar con la NASA a romper el libreto | Aleja Henao,34,0.7556068068601159
ep112,Qué tal si...? El viaje de las posibilidades infinitas | Giovanni Stella,8,ep112,Qué tal si...? El viaje de las posibilidades infinitas | Giovanni Stella,7,0.7524648695846573
ep112,Qué tal si...? El viaje de las posibilidades infinitas | Giovanni Stella,9,ep112,Qué tal si...? El viaje de las posibilidades infinitas | Giovanni Stella,7,0.711550869895679
ep112,Qué tal si...? El viaje de las posibilidades infinitas | Giovanni Stella,9,ep112,Qué tal si...? El viaje de las posibilidades infinitas | Giovanni Stella,16,0.7011864937303297
ep112,Qué tal si...? El viaje de las posibilidades infinitas | Giovanni Stella,9,ep110,De soñar con la NASA a romper el libreto | Aleja Henao,25,0.7001125424791882
ep112,Qué tal si...? El viaje de las posibilidades infinitas | Giovanni Stella,10,ep110,De soñar con la NASA a romper el libreto | Aleja Henao,4,0.7649683181590325
ep112,Qué tal si...? El viaje de las posibilidades infinitas | Giovanni Stella,10,ep110,De soñar con la NASA a romper el libreto | Aleja Henao,33,0.7626097132404693
ep112,Qué tal si...? El viaje de las posibilidades infinitas | Giovanni Stella,10,ep109,El amor es una distracción (Y quizás está bien),5,0.7553991723880306
ep112,Qué tal si...? El viaje de las posibilidades infinitas | Giovanni Stella,11,ep110,De soñar con la NASA a romper el libreto | Aleja Henao,55,0.763972516999939
ep112,Qué tal si...? El viaje de las posibilidades infinitas | Giovanni Stella,11,ep110,De soñar con la NASA a romper el libreto | Aleja Henao,16,0.7603454722627924
ep112,Qué tal si...? El viaje de las posibilidades infinitas | Giovanni Stella,11,ep112,Qué tal si...? El viaje de las posibilidades infinitas | Giovanni Stella,8,0.7560417306906013
ep112,Qué tal si...? El viaje de las posibilidades infinitas | Giovanni Stella,12,ep112,Qué tal si...? El viaje de las posibilidades infinitas | Giovanni Stella,7,0.7369072761575499
ep112,Qué tal si...? El viaje de las posibilidades infinitas | Giovanni Stella,12,ep112,Qué tal si...? El viaje de las posibilidades infinitas | Giovanni Stella,10,0.7234733583094173
ep112,Qué tal si...? El viaje de las posibilidades infinitas | Giovanni Stella,12,ep110,De soñar con la NASA a romper el libreto | Aleja Henao,4,0.7106154884763624
ep112,Qué tal si...? El viaje de las posibilidades infinitas | Giovanni Stella,13,ep112,Qué tal si...? El viaje de las posibilidades infinitas | Giovanni Stella,17,0.7560694999647994
ep112,Qué tal si...? El viaje de las posibilidades infinitas | Giovanni Stella,13,ep112,Qué tal si...? El viaje de las posibilidades infinitas | Giovanni Stella,14,0.755856406828289
ep112,Qué tal si...? El viaje de las posibilidades infinitas | Giovanni Stella,13,ep112,Qué tal si...? El viaje de las posibilidades infinitas | Giovanni Stella,3,0.7223299601570288
ep112,Qué tal si...? El viaje de las posibilidades infinitas | Giovanni Stella,14,ep110,De soñar con la NASA a romper el libreto | Aleja Henao,25,0.772692149337373
ep112,Qué tal si...? El viaje de las posibilidades infinitas | Giovanni Stella,14,ep112,Qué tal si...? El viaje de las posibilidades infinitas | Giovanni Stella,3,0.7714150430082265
ep112,Qué tal si...? El viaje de las posibilidades infinitas | Giovanni Stella,14,ep110,De soñar con la NASA a romper el libreto | Aleja Henao,55,0.764345235405718
ep112,Qué tal si...? El viaje de las posibilidades infinitas | Giovanni Stella,15,ep110,De soñar con la NASA a romper el libreto | Aleja Henao,35,0.8133664519957285
ep112,Qué tal si...? El viaje de las posibilidades infinitas | Giovanni Stella,15,ep109,El amor es una distracción (Y quizás está bien),11,0.7770692423230824
ep112,Qué tal si...? El viaje de las posibilidades infinitas | Giovanni Stella,15,ep109,El amor es una distracción (Y quizás está bien),19,0.7632862558635765
ep112,Qué tal si...? El viaje de las posibilidades infinitas | Giovanni Stella,16,ep109,El amor es una distracción (Y quizás está bien),4,0.8278176394576318
ep112,Qué tal si...? El viaje de las posibilidades infinitas | Giovanni Stella,16,ep112,Qué tal si...? El viaje de las posibilidades infinitas | Giovanni Stella,17,0.8042954576636594
ep112,Qué tal si...? El viaje de las posibilidades infinitas | Giovanni Stella,16,ep109,El amor es una distracción (Y quizás está bien),2,0.8042146666030003
ep112,Qué tal si...? El viaje de las posibilidades infinitas | Giovanni Stella,17,ep109,El amor es una distracción (Y quizás está bien),10,0.8110350076852586
ep112,Qué tal si...? El viaje de las posibilidades infinitas | Giovanni Stella,17,ep109,El amor es una distracción (Y quizás está bien),4,0.8091105709701932
ep112,Qué tal si...? El viaje de las posibilidades infinitas | Giovanni Stella,17,ep112,Qué tal si...? El viaje de las posibilidades infinitas | Giovanni Stella,16,0.8042954576636594
ep112,Qué tal si...? El viaje de las posibilidades infinitas | Giovanni Stella,18,ep110,De soñar con la NASA a romper el libreto | Aleja Henao,65,0.8543618778379373
ep112,Qué tal si...? El viaje de las posibilidades infinitas | Giovanni Stella,18,ep109,El amor es una distracción (Y quizás está bien),19,0.8093307766942766
ep112,Qué tal si...? El viaje de las posibilidades infinitas | Giovanni Stella,18,ep109,El amor es una distracción (Y quizás está bien),11,0.7978632836967051
ep110,De soñar con la NASA a romper el libreto | Aleja Henao,1,ep109,El amor es una distracción (Y quizás está bien),19,0.7732652512454082
ep110,De soñar con la NASA a romper el libreto | Aleja Henao,1,ep111,El Mito de Taiwán (y el cambio de perspectiva),11,0.7720919629681765
ep110,De soñar con la NASA a romper el libreto | Aleja Henao,1,ep111,El Mito de Taiwán (y el cambio de perspectiva),15,0.7653553988588283
ep110,De soñar con la NASA a romper el libreto | Aleja Henao,2,ep110,De soñar con la NASA a romper el libreto | Aleja Henao,60,0.795647040976776
ep110,De soñar con la NASA a romper el libreto | Aleja Henao,2,ep109,El amor es una distracción (Y quizás está bien),16,0.7827593311156206
ep110,De soñar con la NASA a romper el libreto | Aleja Henao,2,ep112,Qué tal si...? El viaje de las posibilidades infinitas | Giovanni Stella,17,0.782626349609442
ep110,De soñar con la NASA a romper el libreto | Aleja Henao,3,ep110,De soñar con la NASA a romper el libreto | Aleja Henao,42,0.7000272240878943
ep110,De soñar con la NASA a romper el libreto | Aleja Henao,3,ep110,De soñar con la NASA a romper el libreto | Aleja Henao,21,0.6954205904734118
ep110,De soñar con la NASA a romper el libreto | Aleja Henao,3,ep110,De soñar con la NASA a romper el libreto | Aleja Henao,18,0.6922172096642861
ep110,De soñar con la NASA a romper el libreto | Aleja Henao,4,ep110,De soñar con la NASA a romper el libreto | Aleja Henao,27,0.8060339962789315
ep110,De soñar con la NASA a romper el libreto | Aleja Henao,4,ep110,De soñar con la NASA a romper el libreto | Aleja Henao,9,0.7911596387851528
ep110,De soñar con la NASA a romper el libreto | Aleja Henao,4,ep110,De soñar con la NASA a romper el libreto | Aleja Henao,42,0.7901174991162184
ep110,De soñar con la NASA a romper el libreto | Aleja Henao,5,ep112,Qué tal si...? El viaje de las posibilidades infinitas | Giovanni Stella,14,0.7496932205130261
ep110,De soñar con la NASA a romper el libreto | Aleja Henao,5,ep110,De soñar con la NASA a romper el libreto | Aleja Henao,27,0.7470038020207277
ep110,De soñar con la NASA a romper el libreto | Aleja Henao,5,ep110,De soñar con la NASA a romper el libreto | Aleja Henao,55,0.7450367150124347
ep110,De soñar con la NASA a romper el libreto | Aleja Henao,6,ep110,De soñar con la NASA a romper el libreto | Aleja Henao,27,0.7613993825769585
ep110,De soñar con la NASA a romper el libreto | Aleja Henao,6,ep110,De soñar con la NASA a romper el libreto | Aleja Henao,29,0.7612197323385973
ep110,De soñar con la NASA a romper el libreto | Aleja Henao,6,ep110,De soñar con la NASA a romper el libreto | Aleja Henao,31,0.7557101064624838
ep110,De soñar con la NASA a romper el libreto | Aleja Henao,7,ep110,De soñar con la NASA a romper el libreto | Aleja Henao,17,0.7856755592471539
ep110,De soñar con la NASA a romper el libreto | Aleja Henao,7,ep110,De soñar con la NASA a romper el libreto | Aleja Henao,9,0.7460842483067646
ep110,De soñar con la NASA a romper el libreto | Aleja Henao,7,ep109,El amor es una distracción (Y quizás está bien),16,0.7329001747141645
ep110,De soñar con la NASA a romper el libreto | Aleja Henao,8,ep110,De soñar con la NASA a romper el libreto | Aleja Henao,9,0.7895086780975016
ep110,De soñar con la NASA a romper el libreto | Aleja Henao,8,ep110,De soñar con la NASA a romper el libreto | Aleja Henao,61,0.7750644836446696
ep110,De soñar con la NASA a romper el libreto | Aleja Henao,8,ep110,De soñar con la NASA a romper el libreto | Aleja Henao,42,0.7622396261185966
ep110,De soñar con la NASA a romper el libreto | Aleja Henao,9,ep110,De soñar con la NASA a romper el libreto | Aleja Henao,4,0.7911596387851528
ep110,De soñar con la NASA a romper el libreto | Aleja Henao,9,ep110,De soñar con la NASA a romper el libreto | Aleja Henao,8,0.7895086780975016
ep110,De soñar con la NASA a romper el libreto | Aleja Henao,9,ep110,De soñar con la NASA a romper el libreto | Aleja Henao,38,0.7789488220716106
ep110,De soñar con la NASA a romper el libreto | Aleja Henao,10,ep110,De soñar con la NASA a romper el libreto | Aleja Henao,11,0.8065744786877102
ep110,De soñar con la NASA a romper el libreto | Aleja Henao,10,ep110,De soñar con la NASA a romper el libreto | Aleja Henao,17,0.7173473863984774
ep110,De soñar con la NASA a romper el libreto | Aleja Henao,10,ep110,De soñar con la NASA a romper el libreto | Aleja Henao,9,0.7085787030723659
ep110,De soñar con la NASA a romper el libreto | Aleja Henao,11,ep110,De soñar con la NASA a romper el libreto | Aleja Henao,10,0.8065744786877102
ep110,De soñar con la NASA a romper el libreto | Aleja Henao,11,ep110,De soñar con la NASA a romper el libreto | Aleja Henao,4,0.7481112550863418
ep110,De soñar con la NASA a romper el libreto | Aleja Henao,11,ep110,De soñar con la NASA a romper el libreto | Aleja Henao,45,0.7295209219523207
ep110,De soñar con la NASA a romper el libreto | Aleja Henao,12,ep110,De soñar con la NASA a romper el libreto | Aleja Henao,59,0.8113015963560009
ep110,De soñar con la NASA a romper el libreto | Aleja Henao,12,ep110,De soñar con la NASA a romper el libreto | Aleja Henao,35,0.779286312393205
ep110,De soñar con la NASA a romper el libreto | Aleja Henao,12,ep110,De soñar con la NASA a romper el libreto | Aleja Henao,39,0.7553480430748262
ep110,De soñar con la NASA a romper el libreto | Aleja Henao,13,ep110,De soñar con la NASA a romper el libreto | Aleja Henao,46,0.7972336972153156
ep110,De soñar con la NASA a romper el libreto | Aleja Henao,13,ep110,De soñar con la NASA a romper el libreto | Aleja Henao,25,0.7787362832489532
ep110,De soñar con la NASA a romper el libreto | Aleja Henao,13,ep110,De soñar con la NASA a romper el libreto | Aleja Henao,42,0.7768496977447348
ep110,De soñar con la NASA a romper el libreto | Aleja Henao,14,ep110,De soñar con la NASA a romper el libreto | Aleja Henao,8,0.760276850694131
ep110,De soñar con la NASA a romper el libreto | Aleja Henao,14,ep110,De soñar con la NASA a romper el libreto | Aleja Henao,42,0.7567099086805978
ep110,De soñar con la NASA a romper el libreto | Aleja Henao,14,ep110,De soñar con la NASA a romper el libreto | Aleja Henao,29,0.7437161652831179
ep110,De soñar con la NASA a romper el libreto | Aleja Henao,15,ep112,Qué tal si...? El viaje de las posibilidades infinitas | Giovanni Stella,6,0.7746234246160576
ep110,De soñar con la NASA a romper el libreto | Aleja Henao,15,ep112,Qué tal si...? El viaje de las posibilidades infinitas | Giovanni Stella,17,0.7741758679413825
ep110,De soñar con la NASA a romper el libreto | Aleja Henao,15,ep110,De soñar con la NASA a romper el libreto | Aleja Henao,48,0.7713249748537749
ep110,De soñar con la NASA a romper el libreto | Aleja Henao,16,ep112,Qué tal si...? El viaje de las posibilidades infinitas | Giovanni Stella,11,0.7603454722627924
ep110,De soñar con la NASA a romper el libreto | Aleja Henao,16,ep110,De soñar con la NASA a romper el libreto | Aleja Henao,47,0.7529422852163717
ep110,De soñar con la NASA a romper el libreto | Aleja Henao,16,ep110,De soñar con la NASA a romper el libreto | Aleja Henao,53,0.7468724900984741
ep110,De soñar con la NASA a romper el libreto | Aleja Henao,17,ep110,De soñar con la NASA a romper el libreto | Aleja Henao,7,0.7856755592471539
ep110,De soñar con la NASA a romper el libreto | Aleja Henao,17,ep110,De soñar con la NASA a romper el libreto | Aleja Henao,4,0.7753840435507537
ep110,De soñar con la NASA a romper el libreto | Aleja Henao,17,ep110,De soñar con la NASA a romper el libreto | Aleja Henao,9,0.7703974586323762
ep110,De soñar con la NASA a romper el libreto | Aleja Henao,18,ep109,El amor es una distracción (Y quizás está bien),16,0.7720314106456654
ep110,De soñar con la NASA a romper el libreto | Aleja Henao,18,ep110,De soñar con la NASA a romper el libreto | Aleja Henao,25,0.7648477801923653
ep110,De soñar con la NASA a romper el libreto | Aleja Henao,18,ep110,De soñar con la NASA a romper el libreto | Aleja Henao,31,0.7644868563646512
ep110,De soñar con la NASA a romper el libreto | Aleja Henao,19,ep110,De soñar con la NASA a romper el libreto | Aleja Henao,25,0.727683973198416
ep110,De soñar con la NASA a romper el libreto | Aleja Henao,19,ep110,De soñar con la NASA a romper el libreto | Aleja Henao,27,0.7195898562651946
ep110,De soñar con la NASA a romper el libreto | Aleja Henao,19,ep110,De soñar con la NASA a romper el libreto | Aleja Henao,29,0.7114070217656557
ep110,De soñar con la NASA a romper el libreto | Aleja Henao,20,ep110,De soñar con la NASA a romper el libreto | Aleja Henao,25,0.7782970603122629
ep110,De soñar con la NASA a romper el libreto | Aleja Henao,20,ep110,De soñar con la NASA a romper el libreto | Aleja Henao,48,0.7569806020153327
ep110,De soñar con la NASA a romper el libreto | Aleja Henao,20,ep110,De soñar con la NASA a romper el libreto | Aleja Henao,34,0.7567670648945084
ep110,De soñar con la NASA a romper el libreto | Aleja Henao,21,ep110,De soñar con la NASA a romper el libreto | Aleja Henao,18,0.7382251797741838
ep110,De soñar con la NASA a romper el libreto | Aleja Henao,21,ep110,De soñar con la NASA a romper el libreto | Aleja Henao,22,0.7359757804469836
ep110,De soñar con la NASA a romper el libreto | Aleja Henao,21,ep110,De soñar con la NASA a romper el libreto | Aleja Henao,20,0.7330560459817631
ep110,De soñar con la NASA a romper el libreto | Aleja Henao,22,ep110,De soñar con la NASA a romper el libreto | Aleja Henao,23,0.7492685958436331
ep110,De soñar con la NASA a romper el libreto | Aleja Henao,22,ep110,De soñar con la NASA a romper el libreto | Aleja Henao,14,0.7396346788852122
ep110,De soñar con la NASA a romper el libreto | Aleja Henao,22,ep110,De soñar con la NASA a romper el libreto | Aleja Henao,21,0.7359757804469836
ep110,De soñar con la NASA a romper el libreto | Aleja Henao,23,ep110,De soñar con la NASA a romper el libreto | Aleja Henao,31,0.7795112916609434
ep110,De soñar con la NASA a romper el libreto | Aleja Henao,23,ep110,De soñar con la NASA a romper el libreto | Aleja Henao,34,0.772619381430753
ep110,De soñar con la NASA a romper el libreto | Aleja Henao,23,ep110,De soñar con la NASA a romper el libreto | Aleja Henao,45,0.7662792742691785
ep110,De soñar con la NASA a romper el libreto | Aleja Henao,24,ep110,De soñar con la NASA a romper el libreto | Aleja Henao,50,0.7598245984409777
ep110,De soñar con la NASA a romper el libreto | Aleja Henao,24,ep110,De soñar con la NASA a romper el libreto | Aleja Henao,32,0.7386713117549425
ep110,De soñar con la NASA a romper el libreto | Aleja Henao,24,ep110,De soñar con la NASA a romper el libreto | Aleja Henao,23,0.736578062195035
ep110,De soñar con la NASA a romper el libreto | Aleja Henao,25,ep110,De soñar con la NASA a romper el libreto | Aleja Henao,42,0.805248999683315
ep110,De soñar con la NASA a romper el libreto | Aleja Henao,25,ep109,El amor es una distracción (Y quizás está bien),16,0.8052314544847669
ep110,De soñar con la NASA a romper el libreto | Aleja Henao,25,ep112,Qué tal si...? El viaje de las posibilidades infinitas | Giovanni Stella,3,0.7959573143446743
ep110,De soñar con la NASA a romper el libreto | Aleja Henao,26,ep110,De soñar con la NASA a romper el libreto | Aleja Henao,28,0.7822032065202978
ep110,De soñar con la NASA a romper el libreto | Aleja Henao,26,ep110,De soñar con la NASA a romper el libreto | Aleja Henao,55,0.7775195828083881
ep110,De soñar con la NASA a romper el libreto | Aleja Henao,26,ep110,De soñar con la NASA a romper el libreto | Aleja Henao,27,0.7759275946039845
ep110,De soñar con la NASA a romper el libreto | Aleja Henao,27,ep110,De soñar con la NASA a romper el libreto | Aleja Henao,4,0.8060339962789315
ep110,De soñar con la NASA a romper el libreto | Aleja Henao,27,ep110,De soñar con la NASA a romper el libreto | Aleja Henao,42,0.7926864444610524
ep110,De soñar con la NASA a romper el libreto | Aleja Henao,27,ep110,De soñar con la NASA a romper el libreto | Aleja Henao,36,0.7851307566195399
ep110,De soñar con la NASA a romper el libreto | Aleja Henao,28,ep109,El amor es una distracción (Y quizás está bien),17,0.8010911379406955
ep110,De soñar con la NASA a romper el libreto | Aleja Henao,28,ep110,De soñar con la NASA a romper el libreto | Aleja Henao,55,0.7972930876917215
ep110,De soñar con la NASA a romper el libreto | Aleja Henao,28,ep110,De soñar con la NASA a romper el libreto | Aleja Henao,26,0.7822032065202978
ep110,De soñar con la NASA a romper el libreto | Aleja Henao,29,ep110,De soñar con la NASA a romper el libreto | Aleja Henao,36,0.7839691982881067
ep110,De soñar con la NASA a romper el libreto | Aleja Henao,29,ep110,De soñar con la NASA a romper el libreto | Aleja Henao,4,0.7777521561258482
ep110,De soñar con la NASA a romper el libreto | Aleja Henao,29,ep110,De soñar con la NASA a romper el libreto | Aleja Henao,42,0.7680722450418445
ep110,De soñar con la NASA a romper el libreto | Aleja Henao,30,ep110,De soñar con la NASA a romper el libreto | Aleja Henao,50,0.7103165172181769
ep110,De soñar con la NASA a romper el libreto | Aleja Henao,30,ep110,De soñar con la NASA a romper el libreto | Aleja Henao,28,0.7003961289655278
ep110,De soñar con la NASA a romper el libreto | Aleja Henao,30,ep110,De soñar con la NASA a romper el libreto | Aleja Henao,29,0.7000385282247359
ep110,De soñar con la NASA a romper el libreto | Aleja Henao,31,ep110,De soñar con la NASA a romper el libreto | Aleja Henao,55,0.809059551896667
ep110,De soñar con la NASA a romper el libreto | Aleja Henao,31,ep110,De soñar con la NASA a romper el libreto | Aleja Henao,48,0.784056890371297
ep110,De soñar con la NASA a romper el libreto | Aleja Henao,31,ep110,De soñar con la NASA a romper el libreto | Aleja Henao,23,0.7795112916609434
ep110,De soñar con la NASA a romper el libreto | Aleja Henao,32,ep110,De soñar con la NASA a romper el libreto | Aleja Henao,48,0.8130254970550285
ep110,De soñar con la NASA a romper el libreto | Aleja Henao,32,ep110,De soñar con la NASA a romper el libreto | Aleja Henao,34,0.7831211221646749
ep110,De soñar con la NASA a romper el libreto | Aleja Henao,32,ep110,De soñar con la NASA a romper el libreto | Aleja Henao,25,0.7788140691825387
ep110,De soñar con la NASA a romper el libreto | Aleja Henao,33,ep110,De soñar con la NASA a romper el libreto | Aleja Henao,25,0.7785144883750822
ep110,De soñar con la NASA a romper el libreto | Aleja Henao,33,ep110,De soñar con la NASA a romper el libreto | Aleja Henao,48,0.7750928786793109
ep110,De soñar con la NASA a romper el libreto | Aleja Henao,33,ep112,Qué tal si...? El viaje de las posibilidades infinitas | Giovanni Stella,10,0.7626097132404693
ep110,De soñar con la NASA a romper el libreto | Aleja Henao,34,ep110,De soñar con la NASA a romper el libreto | Aleja Henao,45,0.7993854065833681
ep110,De soñar con la NASA a romper el libreto | Aleja Henao,34,ep109,El amor es una distracción (Y quizás está bien),16,0.797480048959242
ep110,De soñar con la NASA a romper el libreto | Aleja Henao,34,ep112,Qué tal si...? El viaje de las posibilidades infinitas | Giovanni Stella,17,0.7917580211077769
ep110,De soñar con la NASA a romper el libreto | Aleja Henao,35,ep110,De soñar con la NASA a romper el libreto | Aleja Henao,65,0.8612707589730716
ep110,De soñar con la NASA a romper el libreto | Aleja Henao,35,ep109,El amor es una distracción (Y quizás está bien),11,0.8239865443023932
ep110,De soñar con la NASA a romper el libreto | Aleja Henao,35,ep112,Qué tal si...? El viaje de las posibilidades infinitas | Giovanni Stella,15,0.8133664519957285
ep110,De soñar con la NASA a romper el libreto | Aleja Henao,36,ep110,De soñar con la NASA a romper el libreto | Aleja Henao,4,0.7870440499317115
ep110,De soñar con la NASA a romper el libreto | Aleja Henao,36,ep110,De soñar con la NASA a romper el libreto | Aleja Henao,27,0.7851307566195399
ep110,De soñar con la NASA a romper el libreto | Aleja Henao,36,ep110,De soñar con la NASA a romper el libreto | Aleja Henao,29,0.7839691982881067
ep110,De soñar con la NASA a romper el libreto | Aleja Henao,37,ep112,Qué tal si...? El viaje de las posibilidades infinitas | Giovanni Stella,17,0.7683495123585982
ep110,De soñar con la NASA a romper el libreto | Aleja Henao,37,ep109,El amor es una distracción (Y quizás está bien),8,0.7520003098178425
ep110,De soñar con la NASA a romper el libreto | Aleja Henao,37,ep109,El amor es una distracción (Y quizás está bien),16,0.7488376148384971
ep110,De soñar con la NASA a romper el libreto | Aleja Henao,38,ep109,El amor es una distracción (Y quizás está bien),17,0.7972113062071481
ep110,De soñar con la NASA a romper el libreto | Aleja Henao,38,ep110,De soñar con la NASA a romper el libreto | Aleja Henao,55,0.7846381783366588
ep110,De soñar con la NASA a romper el libreto | Aleja Henao,38,ep110,De soñar con la NASA a romper el libreto | Aleja Henao,9,0.7789488220716106
ep110,De soñar con la NASA a romper el libreto | Aleja Henao,39,ep109,El amor es una distracción (Y quizás está bien),8,0.7787003373071988
ep110,De soñar con la NASA a romper el libreto | Aleja Henao,39,ep110,De soñar con la NASA a romper el libreto | Aleja Henao,40,0.7692147066517354
ep110,De soñar con la NASA a romper el libreto | Aleja Henao,39,ep110,De soñar con la NASA a romper el libreto | Aleja Henao,12,0.7553480430748262
ep110,De soñar con la NASA a romper el libreto | Aleja Henao,40,ep109,El amor es una distracción (Y quizás está bien),18,0.8417566262468282
ep110,De soñar con la NASA a romper el libreto | Aleja Henao,40,ep111,El Mito de Taiwán (y el cambio de perspectiva),10,0.808158073783682
ep110,De soñar con la NASA a romper el libreto | Aleja Henao,40,ep109,El amor es una distracción (Y quizás está bien),11,0.8035115122292701
ep110,De soñar con la NASA a romper el libreto | Aleja Henao,41,ep110,De soñar con la NASA a romper el libreto | Aleja Henao,35,0.7885595351256812
ep110,De soñar con la NASA a romper el libreto | Aleja Henao,41,ep109,El amor es una distracción (Y quizás está bien),11,0.7650054518541495
ep110,De soñar con la NASA a romper el libreto | Aleja Henao,41,ep109,El amor es una distracción (Y quizás está bien),8,0.7639804085298232
ep110,De soñar con la NASA a romper el libreto | Aleja Henao,42,ep110,De soñar con la NASA a romper el libreto | Aleja Henao,25,0.805248999683315
ep110,De soñar con la NASA a romper el libreto | Aleja Henao,42,ep110,De soñar con la NASA a romper el libreto | Aleja Henao,27,0.7926864444610524
ep110,De soñar con la NASA a romper el libreto | Aleja Henao,42,ep110,De soñar con la NASA a romper el libreto | Aleja Henao,4,0.7901174991162184
ep110,De soñar con la NASA a romper el libreto | Aleja Henao,43,ep110,De soñar con la NASA a romper el libreto | Aleja Henao,48,0.8061859600392279
ep110,De soñar con la NASA a romper el libreto | Aleja Henao,43,ep110,De soñar con la NASA a romper el libreto | Aleja Henao,53,0.7815296442642933
ep110,De soñar con la NASA a romper el libreto | Aleja Henao,43,ep110,De soñar con la NASA a romper el libreto | Aleja Henao,31,0.7781496277930443
ep110,De soñar con la NASA a romper el libreto | Aleja Henao,44,ep112,Qué tal si...? El viaje de las posibilidades infinitas | Giovanni Stella,5,0.7579841004109672
ep110,De soñar con la NASA a romper el libreto | Aleja Henao,44,ep110,De soñar con la NASA a romper el libreto | Aleja Henao,29,0.753959836651225
ep110,De soñar con la NASA a romper el libreto | Aleja Henao,44,ep109,El amor es una distracción (Y quizás está bien),16,0.7537342216503119
ep110,De soñar con la NASA a romper el libreto | Aleja Henao,45,ep110,De soñar con la NASA a romper el libreto | Aleja Henao,34,0.7993854065833681
ep110,De soñar con la NASA a romper el libreto | Aleja Henao,45,ep110,De soñar con la NASA a romper el libreto | Aleja Henao,4,0.7894271592708404
ep110,De soñar con la NASA a romper el libreto | Aleja Henao,45,ep110,De soñar con la NASA a romper el libreto | Aleja Henao,46,0.780425474011721
ep110,De soñar con la NASA a romper el libreto | Aleja Henao,46,ep110,De soñar con la NASA a romper el libreto | Aleja Henao,55,0.8254981405219128
ep110,De soñar con la NASA a romper el libreto | Aleja Henao,46,ep110,De soñar con la NASA a romper el libreto | Aleja Henao,13,0.7972336972153156
ep110,De soñar con la NASA a romper el libreto | Aleja Henao,46,ep110,De soñar con la NASA a romper el libreto | Aleja Henao,4,0.7897530958959124
ep110,De soñar con la NASA a romper el libreto | Aleja Henao,47,ep110,De soñar con la NASA a romper el libreto | Aleja Henao,18,0.7624502202001224
ep110,De soñar con la NASA a romper el libreto | Aleja Henao,47,ep110,De soñar con la NASA a romper el libreto | Aleja Henao,16,0.7529422852163717
ep110,De soñar con la NASA a romper el libreto | Aleja Henao,47,ep110,De soñar con la NASA a romper el libreto | Aleja Henao,48,0.7409984298012852
ep110,De soñar con la NASA a romper el libreto | Aleja Henao,48,ep110,De soñar con la NASA a romper el libreto | Aleja Henao,32,0.8130254970550285
ep110,De soñar con la NASA a romper el libreto | Aleja Henao,48,ep110,De soñar con la NASA a romper el libreto | Aleja Henao,43,0.8061859600392279
ep110,De soñar con la NASA a romper el libreto | Aleja Henao,48,ep110,De soñar con la NASA a romper el libreto | Aleja Henao,42,0.7866723147694121
ep110,De soñar con la NASA a romper el libreto | Aleja Henao,49,ep110,De soñar con la NASA a romper el libreto | Aleja Henao,25,0.7896995328294131
ep110,De soñar con la NASA a romper el libreto | Aleja Henao,49,ep110,De soñar con la NASA a romper el libreto | Aleja Henao,48,0.7695408482360024
ep110,De soñar con la NASA a romper el libreto | Aleja Henao,49,ep112,Qué tal si...? El viaje de las posibilidades infinitas | Giovanni Stella,17,0.7586021703829035
ep110,De soñar con la NASA a romper el libreto | Aleja Henao,50,ep110,De soñar con la NASA a romper el libreto | Aleja Henao,25,0.7923662170538751
ep110,De soñar con la NASA a romper el libreto | Aleja Henao,50,ep110,De soñar con la NASA a romper el libreto | Aleja Henao,42,0.7755494654542072
ep110,De soñar con la NASA a romper el libreto | Aleja Henao,50,ep110,De soñar con la NASA a romper el libreto | Aleja Henao,52,0.7693993888841385
ep110,De soñar con la NASA a romper el libreto | Aleja Henao,51,ep110,De soñar con la NASA a romper el libreto | Aleja Henao,55,0.7609646145214815
ep110,De soñar con la NASA a romper el libreto | Aleja Henao,51,ep110,De soñar con la NASA a romper el libreto | Aleja Henao,25,0.7542313229191243
ep110,De soñar con la NASA a romper el libreto | Aleja Henao,51,ep110,De soñar con la NASA a romper el libreto | Aleja Henao,5,0.7394952105708301
ep110,De soñar con la NASA a romper el libreto | Aleja Henao,52,ep109,El amor es una distracción (Y quizás está bien),2,0.8041897114607601
ep110,De soñar con la NASA a romper el libreto | Aleja Henao,52,ep110,De soñar con la NASA a romper el libreto | Aleja Henao,48,0.7724566394060012
ep110,De soñar con la NASA a romper el libreto | Aleja Henao,52,ep110,De soñar con la NASA a romper el libreto | Aleja Henao,50,0.7693993888841385
ep110,De soñar con la NASA a romper el libreto | Aleja Henao,53,ep110,De soñar con la NASA a romper el libreto | Aleja Henao,55,0.8101493488807902
ep110,De soñar con la NASA a romper el libreto | Aleja Henao,53,ep110,De soñar con la NASA a romper el libreto | Aleja Henao,54,0.8036912549566652
ep110,De soñar con la NASA a romper el libreto | Aleja Henao,53,ep109,El amor es una distracción (Y quizás está bien),17,0.798109350198613
ep110,De soñar con la NASA a romper el libreto | Aleja Henao,54,ep110,De soñar con la NASA a romper el libreto | Aleja Henao,53,0.8036912549566652
ep110,De soñar con la NASA a romper el libreto | Aleja Henao,54,ep110,De soñar con la NASA a romper el libreto | Aleja Henao,34,0.7862631600663292
ep110,De soñar con la NASA a romper el libreto | Aleja Henao,54,ep109,El amor es una distracción (Y quizás está bien),2,0.785895600194447
ep110,De soñar con la NASA a romper el libreto | Aleja Henao,55,ep110,De soñar con la NASA a romper el libreto | Aleja Henao,46,0.8254981405219128
ep110,De soñar con la NASA a romper el libreto | Aleja Henao,55,ep110,De soñar con la NASA a romper el libreto | Aleja Henao,53,0.8101493488807902
ep110,De soñar con la NASA a romper el libreto | Aleja Henao,55,ep110,De soñar con la NASA a romper el libreto | Aleja Henao,31,0.809059551896667
ep110,De soñar con la NASA a romper el libreto | Aleja Henao,56,ep112,Qué tal si...? El viaje de las posibilidades infinitas | Giovanni Stella,17,0.7788782448406095
ep110,De soñar con la NASA a romper el libreto | Aleja Henao,56,ep111,El Mito de Taiwán (y el cambio de perspectiva),8,0.77601360310902
ep110,De soñar con la NASA a romper el libreto | Aleja Henao,56,ep109,El amor es una distracción (Y quizás está bien),10,0.7454766896092162
ep110,De soñar con la NASA a romper el libreto | Aleja Henao,57,ep110,De soñar con la NASA a romper el libreto | Aleja Henao,55,0.7836476024961964
ep110,De soñar con la NASA a romper el libreto | Aleja Henao,57,ep110,De soñar con la NASA a romper el libreto | Aleja Henao,53,0.7828714173476219
ep110,De soñar con la NASA a romper el libreto | Aleja Henao,57,ep110,De soñar con la NASA a romper el libreto | Aleja Henao,34,0.7755342946155521
ep110,De soñar con la NASA a romper el libreto | Aleja Henao,58,ep111,El Mito de Taiwán (y el cambio de perspectiva),8,0.7948305575674798
ep110,De soñar con la NASA a romper el libreto | Aleja Henao,58,ep110,De soñar con la NASA a romper el libreto | Aleja Henao,55,0.7672428459125499
ep110,De soñar con la NASA a romper el libreto | Aleja Henao,58,ep109,El amor es una distracción (Y quizás está bien),8,0.7644688242787147
ep110,De soñar con la NASA a romper el libreto | Aleja Henao,59,ep110,De soñar con la NASA a romper el libreto | Aleja Henao,12,0.8113015963560009
ep110,De soñar con la NASA a romper el libreto | Aleja Henao,59,ep110,De soñar con la NASA a romper el libreto | Aleja Henao,35,0.7681678799228673
ep110,De soñar con la NASA a romper el libreto | Aleja Henao,59,ep109,El amor es una distracción (Y quizás está bien),8,0.7598055335908332
ep110,De soñar con la NASA a romper el libreto | Aleja Henao,60,ep110,De soñar con la NASA a romper el libreto | Aleja Henao,2,0.795647040976776
ep110,De soñar con la NASA a romper el libreto | Aleja Henao,60,ep110,De soñar con la NASA a romper el libreto | Aleja Henao,34,0.7736326190187522
ep110,De soñar con la NASA a romper el libreto | Aleja Henao,60,ep110,De soñar con la NASA a romper el libreto | Aleja Henao,25,0.770849671679863
ep110,De soñar con la NASA a romper el libreto | Aleja Henao,61,ep110,De soñar con la NASA a romper el libreto | Aleja Henao,8,0.7750644836446696
ep110,De soñar con la NASA a romper el libreto | Aleja Henao,61,ep110,De soñar con la NASA a romper el libreto | Aleja Henao,42,0.7621670385194478
ep110,De soñar con la NASA a romper el libreto | Aleja Henao,61,ep110,De soñar con la NASA a romper el libreto | Aleja Henao,45,0.7609291602220789
ep110,De soñar con la NASA a romper el libreto | Aleja Henao,62,ep110,De soñar con la NASA a romper el libreto | Aleja Henao,32,0.7709708704659699
ep110,De soñar con la NASA a romper el libreto | Aleja Henao,62,ep110,De soñar con la NASA a romper el libreto | Aleja Henao,48,0.7702645921228515
ep110,De soñar con la NASA a romper el libreto | Aleja Henao,62,ep110,De soñar con la NASA a romper el libreto | Aleja Henao,34,0.7663044626673714
ep110,De soñar con la NASA a romper el libreto | Aleja Henao,63,ep110,De soñar con la NASA a romper el libreto | Aleja Henao,2,0.7647912743779745
ep110,De soñar con la NASA a romper el libreto | Aleja Henao,63,ep109,El amor es una distracción (Y quizás está bien),8,0.7563665229899698
ep110,De soñar con la NASA a romper el libreto | Aleja Henao,63,ep110,De soñar con la NASA a romper el libreto | Aleja Henao,60,0.7540606252391799
ep110,De soñar con la NASA a romper el libreto | Aleja Henao,64,ep110,De soñar con la NASA a romper el libreto | Aleja Henao,20,0.7125926042450225
ep110,De soñar con la NASA a romper el libreto | Aleja Henao,64,ep111,El Mito de Taiwán (y el cambio de perspectiva),16,0.7032475544084922
ep110,De soñar con la NASA a romper el libreto | Aleja Henao,64,ep110,De soñar con la NASA a romper el libreto | Aleja Henao,57,0.7007494319325351
ep110,De soñar con la NASA a romper el libreto | Aleja Henao,65,ep109,El amor es una distracción (Y quizás está bien),19,0.8703333028314277
ep110,De soñar con la NASA a romper el libreto | Aleja Henao,65,ep110,De soñar con la NASA a romper el libreto | Aleja Henao,35,0.8612707589730716
ep110,De soñar con la NASA a romper el libreto | Aleja Henao,65,ep112,Qué tal si...? El viaje de las posibilidades infinitas | Giovanni Stella,18,0.8543618778379373
ep109,El amor es una distracción (Y quizás está bien),1,ep110,De soñar con la NASA a romper el libreto | Aleja Henao,35,0.7857913607947086
ep109,El amor es una distracción (Y quizás está bien),1,ep109,El amor es una distracción (Y quizás está bien),16,0.7727326536500554
ep109,El amor es una distracción (Y quizás está bien),1,ep109,El amor es una distracción (Y quizás está bien),19,0.7727241640314234
ep109,El amor es una distracción (Y quizás está bien),2,ep109,El amor es una distracción (Y quizás está bien),4,0.8198642394474477
ep109,El amor es una distracción (Y quizás está bien),2,ep112,Qué tal si...? El viaje de las posibilidades infinitas | Giovanni Stella,16,0.8042146666030003
ep109,El amor es una distracción (Y quizás está bien),2,ep110,De soñar con la NASA a romper el libreto | Aleja Henao,52,0.8041897114607601
ep109,El amor es una distracción (Y quizás está bien),3,ep109,El amor es una distracción (Y quizás está bien),18,0.7668777372614918
ep109,El amor es una distracción (Y quizás está bien),3,ep110,De soñar con la NASA a romper el libreto | Aleja Henao,40,0.7342752245914778
ep109,El amor es una distracción (Y quizás está bien),3,ep111,El Mito de Taiwán (y el cambio de perspectiva),15,0.7334985449099365
ep109,El amor es una distracción (Y quizás está bien),4,ep112,Qué tal si...? El viaje de las posibilidades infinitas | Giovanni Stella,16,0.8278176394576318
ep109,El amor es una distracción (Y quizás está bien),4,ep109,El amor es una distracción (Y quizás está bien),2,0.8198642394474477
ep109,El amor es una distracción (Y quizás está bien),4,ep112,Qué tal si...? El viaje de las posibilidades infinitas | Giovanni Stella,17,0.8091105709701932
ep109,El amor es una distracción (Y quizás está bien),5,ep109,El amor es una distracción (Y quizás está bien),16,0.7751315214081131
ep109,El amor es una distracción (Y quizás está bien),5,ep109,El amor es una distracción (Y quizás está bien),4,0.7713645841470657
ep109,El amor es una distracción (Y quizás está bien),5,ep110,De soñar con la NASA a romper el libreto | Aleja Henao,55,0.7694251940551418
ep109,El amor es una distracción (Y quizás está bien),6,ep111,El Mito de Taiwán (y el cambio de perspectiva),5,0.7029422288558173
ep109,El amor es una distracción (Y quizás está bien),6,ep109,El amor es una distracción (Y quizás está bien),7,0.6974292041030153
ep109,El amor es una distracción (Y quizás está bien),6,ep111,El Mito de Taiwán (y el cambio de perspectiva),16,0.6871435107822748
ep109,El amor es una distracción (Y quizás está bien),7,ep109,El amor es una distracción (Y quizás está bien),4,0.7832407929933631
ep109,El amor es una distracción (Y quizás está bien),7,ep112,Qué tal si...? El viaje de las posibilidades infinitas | Giovanni Stella,16,0.783122465492537
ep109,El amor es una distracción (Y quizás está bien),7,ep109,El amor es una distracción (Y quizás está bien),2,0.7806131066372292
ep109,El amor es una distracción (Y quizás está bien),8,ep111,El Mito de Taiwán (y el cambio de perspectiva),8,0.8018863181503971
ep109,El amor es una distracción (Y quizás está bien),8,ep109,El amor es una distracción (Y quizás está bien),16,0.7970630807815926
ep109,El amor es una distracción (Y quizás está bien),8,ep111,El Mito de Taiwán (y el cambio de perspectiva),9,0.7882308459260936
ep109,El amor es una distracción (Y quizás está bien),9,ep109,El amor es una distracción (Y quizás está bien),10,0.8026614381093952
ep109,El amor es una distracción (Y quizás está bien),9,ep110,De soñar con la NASA a romper el libreto | Aleja Henao,55,0.7934567546409701
ep109,El amor es una distracción (Y quizás está bien),9,ep109,El amor es una distracción (Y quizás está bien),4,0.788303308840388
ep109,El amor es una distracción (Y quizás está bien),10,ep112,Qué tal si...? El viaje de las posibilidades infinitas | Giovanni Stella,17,0.8110350076852586
ep109,El amor es una distracción (Y quizás está bien),10,ep109,El amor es una distracción (Y quizás está bien),9,0.8026614381093952
ep109,El amor es una distracción (Y quizás está bien),10,ep109,El amor es una distracción (Y quizás está bien),2,0.7966201792112969
ep109,El amor es una distracción (Y quizás está bien),11,ep110,De soñar con la NASA a romper el libreto | Aleja Henao,35,0.8239865443023932
ep109,El amor es una distracción (Y quizás está bien),11,ep110,De soñar con la NASA a romper el libreto | Aleja Henao,65,0.8081090369807151
ep109,El amor es una distracción (Y quizás está bien),11,ep110,De soñar con la NASA a romper el libreto | Aleja Henao,40,0.8035115122292701
ep109,El amor es una distracción (Y quizás está bien),12,ep109,El amor es una distracción (Y quizás está bien),14,0.702560134853359
ep109,El amor es una distracción (Y quizás está bien),12,ep109,El amor es una distracción (Y quizás está bien),15,0.6541189042127499
ep109,El amor es una distracción (Y quizás está bien),12,ep110,De soñar con la NASA a romper el libreto | Aleja Henao,26,0.6197527137129767
ep109,El amor es una distracción (Y quizás está bien),13,ep109,El amor es una distracción (Y quizás está bien),7,0.696322340497821
ep109,El amor es una distracción (Y quizás está bien),13,ep109,El amor es una distracción (Y quizás está bien),14,0.6565493929130516
ep109,El amor es una distracción (Y quizás está bien),13,ep109,El amor es una distracción (Y quizás está bien),4,0.6509244100150349
ep109,El amor es una distracción (Y quizás está bien),14,ep109,El amor es una distracción (Y quizás está bien),9,0.7196657738384887
ep109,El amor es una distracción (Y quizás está bien),14,ep109,El amor es una distracción (Y quizás está bien),4,0.715307334618568
ep109,El amor es una distracción (Y quizás está bien),14,ep110,De soñar con la NASA a romper el libreto | Aleja Henao,28,0.7134179125046672
ep109,El amor es una distracción (Y quizás está bien),15,ep112,Qué tal si...? El viaje de las posibilidades infinitas | Giovanni Stella,7,0.7580783950012644
ep109,El amor es una distracción (Y quizás está bien),15,ep110,De soñar con la NASA a romper el libreto | Aleja Henao,49,0.736822049638311
ep109,El amor es una distracción (Y quizás está bien),15,ep109,El amor es una distracción (Y quizás está bien),14,0.7023113878007345
ep109,El amor es una distracción (Y quizás está bien),16,ep109,El amor es una distracción (Y quizás está bien),17,0.8348015910564703
ep109,El amor es una distracción (Y quizás está bien),16,ep110,De soñar con la NASA a romper el libreto | Aleja Henao,25,0.8052314544847669
ep109,El amor es una distracción (Y quizás está bien),16,ep112,Qué tal si...? El viaje de las posibilidades infinitas | Giovanni Stella,17,0.7994511205385921
ep109,El amor es una distracción (Y quizás está bien),17,ep109,El amor es una distracción (Y quizás está bien),16,0.8348015910564703
ep109,El amor es una distracción (Y quizás está bien),17,ep110,De soñar con la NASA a romper el libreto | Aleja Henao,28,0.8010911379406955
ep109,El amor es una distracción (Y quizás está bien),17,ep110,De soñar con la NASA a romper el libreto | Aleja Henao,53,0.798109350198613
ep109,El amor es una distracción (Y quizás está bien),18,ep110,De soñar con la NASA a romper el libreto | Aleja Henao,40,0.8417566262468282
ep109,El amor es una distracción (Y quizás está bien),18,ep111,El Mito de Taiwán (y el cambio de perspectiva),10,0.8266871372499077
ep109,El amor es una distracción (Y quizás está bien),18,ep110,De soñar con la NASA a romper el libreto | Aleja Henao,35,0.7936400887300638
ep109,El amor es una distracción (Y quizás está bien),19,ep110,De soñar con la NASA a romper el libreto | Aleja Henao,65,0.8703333028314277
ep109,El amor es una distracción (Y quizás está bien),19,ep112,Qué tal si...? El viaje de las posibilidades infinitas | Giovanni Stella,18,0.8093307766942766
ep109,El amor es una distracción (Y quizás está bien),19,ep110,De soñar con la NASA a romper el libreto | Aleja Henao,35,0.8055751442515935
